x	y	label	showSelected1	group
1	0	c: 1.0000	1	-1
3	0	c: 3.0000	2	-1
4	0	c: 4.0000	3	-1
3.5	0	c: 3.5000	4	-1
3.25	0	c: 3.2500	5	-1
3.125	0	c: 3.1250	6	-1
3.1875	0	c: 3.1875	7	-1
3.15625	0	c: 3.1562	8	-1
3.171875	0	c: 3.1719	9	-1
3.1796875	0	c: 3.1797	10	-1
3.18359375	0	c: 3.1836	11	-1
3.185546875	0	c: 3.1855	12	-1
3.1845703125	0	c: 3.1846	13	-1
3.18408203125	0	c: 3.1841	14	-1
3.184326171875	0	c: 3.1843	15	-1
3.1844482421875	0	c: 3.1844	16	-1
3.18438720703125	0	c: 3.1844	17	-1
