xintercept	showSelected1
1	1
3	2
4	3
3.5	4
3.25	5
3.125	6
3.1875	7
3.15625	8
3.171875	9
3.1796875	10
3.18359375	11
3.185546875	12
3.1845703125	13
3.18408203125	14
3.184326171875	15
3.1844482421875	16
3.18438720703125	17
