xintercept	showSelected1
-3	1
1	2
3	3
3	4
3	5
3	6
3.125	7
3.125	8
3.15625	9
3.171875	10
3.1796875	11
3.18359375	12
3.18359375	13
3.18359375	14
3.18408203125	15
3.184326171875	16
3.184326171875	17
