xintercept	showSelected1
5	1
5	2
5	3
4	4
3.5	5
3.25	6
3.25	7
3.1875	8
3.1875	9
3.1875	10
3.1875	11
3.1875	12
3.185546875	13
3.1845703125	14
3.1845703125	15
3.1845703125	16
3.1844482421875	17
